Type,Name,Request Count,Failure Count,Median Response Time,Average Response Time,Min Response Time,Max Response Time,Average Content Size,Requests/s,Failures/s,50%,66%,75%,80%,90%,95%,98%,99%,99.9%,99.99%,100%
POST,01_jwt_auth,100,0,1300.0,1333.3022175799124,292.0974170556292,3160.6251660268754,499.0,1.6661797529158247,0.0,1300,1600,1800,2000,2600,2700,2900,3200,3200,3200,3200
GET,02_product_list,893,2,630.0,923.7194155874242,14.435917022638023,2731.2753750011325,660.6450167973125,14.878985193538314,0.033323595058316495,630,970,1300,1400,2000,2300,2400,2500,2700,2700,2700
GET,03_stock_availability,1183,3,610.0,858.1703760281728,15.393582987599075,2861.5052920067683,708.7540152155536,19.710906476994207,0.04998539258747474,610,750,1100,1300,1800,2200,2400,2500,2800,2900,2900
POST,04_stock_reserve,775,0,680.0,898.2951935533915,25.71587497368455,3030.1911670248955,69.98451612903226,12.912893085097641,0.0,680,860,1100,1300,1900,2200,2500,2700,3000,3000,3000
,Aggregated,2951,5,640.0,904.6445237962615,14.435917022638023,3160.6251660268754,519.3324296848526,49.16896450854599,0.08330898764579124,640,890,1200,1400,1900,2300,2500,2600,3000,3200,3200
