Type,Name,Request Count,Failure Count,Median Response Time,Average Response Time,Min Response Time,Max Response Time,Average Content Size,Requests/s,Failures/s,50%,66%,75%,80%,90%,95%,98%,99%,99.9%,99.99%,100%
POST,01_jwt_auth,1000,0,14000.0,13900.254148858356,1446.7302919365466,26314.454457955435,493.74,16.638189616907667,0.0,14000,18000,20000,21000,23000,25000,26000,26000,26000,26000,26000
GET,02_product_list,1029,0,20000.0,17727.128819058278,1798.0063749710098,24191.463458002545,281.0,17.120697115797988,0.0,20000,21000,22000,22000,23000,24000,24000,24000,24000,24000,24000
GET,03_stock_availability,303,0,20000.0,18992.097495352733,4325.696500018239,24003.7862919271,281.0,5.0413714539230225,0.0,20000,21000,22000,22000,24000,24000,24000,24000,24000,24000,24000
POST,04_stock_reserve,144,0,22000.0,19774.99446619347,4520.130416029133,27127.358915982768,67.33333333333333,2.3958993048347037,0.0,22000,24000,24000,24000,25000,26000,27000,27000,27000,27000,27000
,Aggregated,2476,0,19000.0,16455.44202257389,1446.7302919365466,27127.358915982768,354.49434571890146,41.19615749146338,0.0,19000,21000,22000,22000,24000,24000,25000,26000,27000,27000,27000
